상품명,가격,url
종근당 밀크씨슬 실리마린 간 3박스 약3개월분,"18,500원",https://cr.shopping.naver.com/adcr?x=jKPmuLhPNt%2Bw3E7ypjjuZv%2F%2F%2Fw%3D%3DsEUfcBxh5Ae9%2FWi8RGc7kiRmZYyZsfrBXiKq4dAmj0eIB7lroteB19Al8B%2BOedM3EZJTvgGaf9TfV7rGEdK%2B2x8KDH%2Bj9rSjv9VBWNbYPiJ1WXtO%2FUYAc0oX99C9zgYLwdveRyDKCUGgme%2FvFhJRgOQue76i1zejd9Rkop4dxEdeQPGTB2rZou%2BEKYPHpDqDdBju2H9vlf%2B7%2FVgVUBSeHForiPkxPAXjk2LX8wmqtKDRPpeag%2Fnc8UaHAi4prUL%2BF%2FSZzKuLvLQZrVl9TNeCc6wvEixWMJ55Jv0KWmUSK2Ja1Z3O8HHanwr96uZaDG3GSB7P9jx5KZr1oy9qstZx7mxd1Bo%2BiMyh8U24VzrHr6qo2xc7w%2FnYEn%2FT0%2FmY%2Fp%2FwkQrX%2B90dH4qUApVn0sWPVOiyn%2FwqNLouIpopdHhXqWscpSu%2BDi3f2L%2FOlmgLyiXX5BEvDOcKeUFwELb7du1cxq37xpYLh8SN7ln2XFmQ1a%2Bh%2Fw7EOa53lao2Odf5Ld8FNmzmCmujaQJrX%2FjifJ7GWCgBLaQYb6v%2FvZ8LkLckfCvlTrpBue6wVk63UOXuxqLih1OUZwCPQ%2FFzU7DAb9WtiFKwa9JlmckDbJAJUEGvcfEEtyRcPWOhzBm2tB1%2F88Zz93vNxx4bwnau%2F9NE1jlVXxdHaFQOsWME3wPYYUhxcbSJB0CIl3BeKsFF2drF%2B%2BsFv&nvMid=84261370475&catId=50007031
"해외나우푸드 밀크시슬 실리마린 750mg x 90캡슐, 1개","최저21,080원",https://cr.shopping.naver.com/adcr?x=eCw0zlGbYwLCzxJykGzcC%2F%2F%2F%2Fw%3D%3DssDPG4FJ0MEAOBKi94JzdUM15zOY2B7iWtE%2FTMOd7PLMB7lroteB19Al8B%2BOedM3EDNhifZBX7HBNzPyCUCwrlBBW2O2B1YDkU%2BZKaX4pwSVWXtO%2FUYAc0oX99C9zgYLwdveRyDKCUGgme%2FvFhJRgOQue76i1zejd9Rkop4dxEdeQPGTB2rZou%2BEKYPHpDqDdSWzUz3G5xfGQ8%2B3tBOZJEWvqR2unsG9Pw6XBns%2FftjLjvgBJdFfQ1vlETJkKAGFop%2F%2BNYh41zNRKMPvR0oaUrTTwaW1b9V4Bf2Q5TmpgIVRWgcgKXB0Yc5GhC9eZlgqyQYqMhmHNSJbnCrgS7j8Uh1v21tUWS%2FdFSkEy0rQhVA9D4P%2Bj2CVvS6QkrpszyaIoCuwrUM2Vi5bq9fxYHuPhKc2J1h3x8r04ofzUfZxpCKrcz3iW7wtPvJFdoTi4FITMgdoU%2BqssSjRlWNjdpoOYicSvjtXuoF5wPRwbA32bAO8IMzakSgQDB1LLNOKB4Fu%2BXd9QOqzRPMqXQL0puUVvQC4cK7J755qiChvOEwaIzFKwd0RwcBHEqFGUQO1zioPYCzLDM1TLSBaA2gXsQQrwJgTPtE2VzBHa5uzYI7IpX4uhwc98%2F5a7NoLXHfixOiPVKFWKSkf4Bo0NGE7Xi1s7n2JxyHBE3CYnzhPLG%2BOCDMVLKtGLvSV%2FdiX2RtZPXhF6EuXIRA3QbWQlZU5Mc1Bg2scgIRCk8vtGb7Z%2FKGMSEdE%3D&nvMid=56440698430&catId=50007031
"해외나우푸드 실리마린 밀크씨슬 300mg x 200캡슐, 1개","최저9,550원",https://cr.shopping.naver.com/adcr?x=tPPC3w%2Be8IKOOoJQECova%2F%2F%2F%2Fw%3D%3DskDaybXR1mVCAHugvIN0IZ2RQV5zRtTuLgZg17rf%2B4EifwvvfyRCLaqQCD1aDJtp5O4jN%2BuqVGwEcUKbSbJdtIGedW%2BMyCIcyNsWGbi%2FX%2FUAhrX7i8ROREiNblWok2%2BM4INecLguCOFS0yyDoA3otyd2Yd2fJTVJtNiB%2B2nfDaUGHbAt5TRrf3sHj6P5TpsF73IZpKv7R1G7ftbswwgHg0WT0ijqJmgB8QFB%2BxuSEEwHhPQ1WCsyr6kcBMcn0AZ2CUAmQ6NBoIBFuCZ%2FTlhLQqStL1aUoXmKMHKfyhPknle%2BDiSKQcy5NiwgMbVE795uFWqkGTJ4pQVBQmqLoPC7JK7JJ48TUb8qvYOSDevyMMfnDpmNu2Rs3tEPrV0ZTODsbWqyaFa2xLbpwGCJChqMDqjV5%2Fy7hNrIpbjynAZGX2rc9Z0SeMqENQcl4GV2BeGrFkh5xxJ88yURUYLmkNoxw59XPcsZyv6BAaso4kq8ucGkKdxpmR%2FOe9hARgxC56kTdRhljo4xjSCxaOzM0NSYz7HBgr2UJZfQHqZXEdXfmEfFETVTt1Co3i5sra6C42DHtENQviIlGlbF6XVH%2FI%2F3yFdbPKJo4WOA2CDNc1d9DcjBh7mWWZ3oUgNzMzlIUHFAodyhwVQ528RPXtkWmP0zhEI6%2F74bs%2FzNmznhIO5N5zjVrgpb3zJ%2BEcHVPdXinEj59E4bccsuhsNS7QxPp%2FOOZ08tVYavx%2B%2B8fWZa9SBc8rqM%3D&nvMid=51929493004&catId=50007031
가네큐 프로 / 간 건강 간에 좋은 실리마린 밀크씨슬 / 비타민 영양제+ 약 케이스,"48,000원",https://cr.shopping.naver.com/adcr?x=VyBM5m1rJIltrZAIOJUbJP%2F%2F%2Fw%3D%3Dsjt2ax02eQYRCnMJF%2Fl0vLKDynxiQzCv9D7mqjYu8QY6fwvvfyRCLaqQCD1aDJtp53kQSgzDj9mVjlBIkCGLHLWedW%2BMyCIcyNsWGbi%2FX%2FUAhrX7i8ROREiNblWok2%2BM4INecLguCOFS0yyDoA3otyd2Yd2fJTVJtNiB%2B2nfDaUGHbAt5TRrf3sHj6P5TpsF7JxfYBSrxU%2BHc8r%2BjyXxpORDfSDBvRkBad9fdnOvVrJFuZ7yoitwRfrCQoo4AnTO%2BuWmqLwkXzYt429xtmFLGRE%2B7oghmHxS4rChb36C%2FDVenOKrGmoGObRSdzDZKkQraJV03cukp%2F9sq6JmLvPVclGe7rKcv0c0EbfJOD3RKw7m974HOjEUBCRG0KLntIQzZf5S5ycDGuwbfEdv1A6kKwtZ%2FY1q4%2BluMhPFfY3aiX5V0t8z5nGvzI6XZbfpahHb3WoH1C8GMsauDScSP5xTyZdiBIDjjf%2FKwVLTVcY0RPBH62R8YWHxzQAMfkh6%2BruimH%2BcEJeX2XJ%2BgishkDzLpq24HeA2FaHW74dMFNCFALO0S3u3QTHKmkgfM06YThxfyz%2FKtLZKkb%2FxGFR03PbJIePJ8wJZ4RsZ%2BgkHHTJiysWUMCzEpCIYHhT5h22y3LpgUhWsRFQJRls%2FeDBFlRFkki6uBqLw0c4ApXSoaYinyCO7sw05m%2FiyJfmsE7%2BupJDDwOjS3754MHdPu0kpl9ojas9arW1os4OqXGMfVvDFM15s%3D&nvMid=85476094763&catId=50007031
포뉴 11중기능 밀크씨슬 카제로템 간 건강 실리마린 에 좋은 영양제 무 지방 약 한달분,"36,000원",https://cr.shopping.naver.com/adcr?x=4Y6TsxQS%2BPac0FcoNX1ofv%2F%2F%2Fw%3D%3DsXPrLr7keA1nemY9B2pXhN3fu9P0nUBuypdpR6GlN0Fxdey7B58urSR2dWcZGSKRe%2FKcQRYs02uf3esvZbjW3CMMf5VnK%2FZ%2Blcr2dnYQJQClbipZsva8TIFsMLfAF3K%2F4eIMKL%2F1ukMTmWmRZyzgjPsol%2Fhb6ghGC6Bo7f2L6Qa3mleh0NYe0GdH5j4%2Fhn%2B5thliDAjZ%2BzjRdH8RGr8Y3J9Yrh%2BJXf3WHIps3ONNOY0hMvMaFrE4gBzX5LfEURNs0ZznAAH%2FDJkgOxgHmnSf1jTrPjXVpAYjjMPX7rV%2F9VELffisv5tHfoGFh7RH%2BtSaOAFJNLWxG%2Fj2gEfGb7GroeB6ryanF8AdXstufXOX74hYRXoz6nBb3czgAaBRNxE0OgdoU%2BqssSjRlWNjdpoOYidRXKsUt%2FFaIjPt%2Bkzfc9apFyV4ehdkWRLiZm5xvYTDmSxuaQAM8AKtARSdp8miVKSySRs%2F5jxRfgvRp%2BIdZnDDSeyAy5txgwxOncLtleqtmDptvvHaTX4G%2FkGyQVgZbX9tgJ8528JkRfIJJIOq0LRZxNh%2FWbJfndn17KILdj95X59DTmf1y5mGePD6P9hZ0kyipbwQBe5RlCiFjNTmdy87LdP5AVqkH%2FeCbzkA%2FXOCJAK3BbT3P%2F5TH3d6KyGQlmFt8ar6EZkH4t97RQ%2FtxcFj%2F7WEaohCDTPFPFS4Pu1BUzIyrVFzdP6E%2F4szvHgJjPcsTe7KMH92wbM0zhTUMbwkNUJgJp6CUXauCvW7Y5AjN&nvMid=81855855334&catId=50007031
종근당 실리마린 밀크씨슬 간 건강(6개월분),"35,900원",https://cr.shopping.naver.com/adcr?x=q0HFIZYhCai%2FKW%2FWJXTBIf%2F%2F%2Fw%3D%3DshEdoNBW%2BnJUWKTp%2FffXpfbSg3Bm1RmHlJnt%2BanPuKfFdey7B58urSR2dWcZGSKReJJDzQiq8c%2Bd0YOl4zBWqZTXJD0NsZoE8wg%2BLc2SvDZhHRaISaXjSXtxpkOUV9xcVeK1dTWi%2B3OWwRytI5lGoi2Ot16K9OZktdPTBg%2FKPymBRRR%2BMUwQqXIT25ZVT1C%2FbhNAWEw0JCsb7LJXBJqKWV9015zgK%2BP5r4ZCysDfiDpXGk%2BBxLVqgo4xXLk8Fxf93ZznAAH%2FDJkgOxgHmnSf1jTrPjXVpAYjjMPX7rV%2F9VELffisv5tHfoGFh7RH%2BtSaOAFJNLWxG%2Fj2gEfGb7GroeMlXrwQBa%2FjkR4yOr86af9DiBe%2FjylZAI%2FskjE5BizylrpRUXZYFeTynI1AB3WXhC9ZRsIVG%2FLmsiH48B2vuLSCDYZcKCeYHyYObKb%2Bmq4g0f2uOcFxx33MhnYfZ6mUox3iSPDbEQX2JXcLayQpQiLvHQwze6f%2B%2B9TLpyaDcXsr%2FGGylbwsvisMSvdWAy09ZcKEWWAZ6ryeQvQ0unM5BQYkK6zZVYDS3mZyf5bJ6wG0Ma1jS8Ua1hwiaLnWMxworxoQjhTNt1ot5JP0Sgzsp4X8O8GG%2BhujyhIejc0vETRFim53YTPCPR%2BeFxQk9Jz0Xq8tVYavx%2B%2B8fWZa9SBc8rqM%3D&nvMid=9993865488&catId=50007031
"나우푸드 실리마린 800mg x 60캡슐, 3개","최저41,480원",https://cr.shopping.naver.com/adcr?x=urfam%2BB%2FjoqD7qFfpoVief%2F%2F%2Fw%3D%3DswOiHvyEkDF%2FezJgRFFHa8B4LQ7CfzQQtikiJY2210RUB7lroteB19Al8B%2BOedM3EZhybifCC8yCOVpOVNfkI1X0cuN8wlvrFxtA%2BUnZaA7hWXtO%2FUYAc0oX99C9zgYLwdveRyDKCUGgme%2FvFhJRgOQue76i1zejd9Rkop4dxEdeQPGTB2rZou%2BEKYPHpDqDdSWzUz3G5xfGQ8%2B3tBOZJEWvqR2unsG9Pw6XBns%2FftjI4SZ%2BRiR9zee6OrwHq%2FDrS5S3NLBFsBVDQ%2BNjpwaSWVTTwaW1b9V4Bf2Q5TmpgIVRWgcgKXB0Yc5GhC9eZlgqyQYqMhmHNSJbnCrgS7j8Uh1v21tUWS%2FdFSkEy0rQhVA9D4P%2Bj2CVvS6QkrpszyaIoCuwrUM2Vi5bq9fxYHuPhKVyOvwXjMelE%2BeaeQ4aaNPRE7%2BG8%2FGHFsjx89A0yx%2FiPgdoU%2BqssSjRlWNjdpoOYiURGHyzzkAVZTpTTnzpS5jldclEu%2FXcLQJ9T8PADaXtd5RGB9VtJZ%2FR5m4IKaDJSCjaDM1sKst0StlY9QlTrwYRco96krK8zLoIt5Hhb3pSpGw6DbA9iNQkU97%2FeqpKDe0vwCDT0HOEXqi8EjncZugyi4INeI%2FQ2rpBIj%2BAytEBsnUpTzmQTeleeE0y%2Brv8xbMsnEqB2mo9gLiRnGE2UK9drAtpLQ1w71l%2FDGT2GYWQxVoWd0jB03C5aYq3HUc1IKtSSLJQZncWk8e8Ttfjz6Fs%3D&nvMid=51929528110&catId=50007031
"유유제약 11중기능 밀크씨슬 간 실리마린 에좋은 영양제 카제로템 약 한달 30정, 1개","25,000원",https://cr.shopping.naver.com/adcr?x=%2BMNpCe7PHXYKxiknif1KqP%2F%2F%2Fw%3D%3Dsu5ERjK3NyBZZvmN3Dv3%2Bhg2g%2FOMhqMMZ4LgUYyuB1SefwvvfyRCLaqQCD1aDJtp53f73BCneEeJ3ESV0Rfv2nGedW%2BMyCIcyNsWGbi%2FX%2FUAhrX7i8ROREiNblWok2%2BM4INecLguCOFS0yyDoA3otyd2Yd2fJTVJtNiB%2B2nfDaUGHbAt5TRrf3sHj6P5TpsF7JxfYBSrxU%2BHc8r%2BjyXxpORDfSDBvRkBad9fdnOvVrJGVeLNeMFLE1TtxLMc5cjk8E7zlPGgc9OMmrZ6jQhyfnqjxweuISKW4uU%2Bc%2FtTRMWMErLiVapLwlJueGGJ2IhJzisext5K2yYkF868rsMDqiXvl4cBBV6oOzgYruFJm%2BZi8hE4mA6B6GZLs5GHkXuz5x72P1MzfeDsyK%2BcBtz34gFAiGPFCPeKbEe1sP9N%2F8Sgz%2FHp%2Flu2GRTrw%2F0eV2NNB%2FxhtlV1H7wqJbLwpSUwEFkjpirgfL1uvx9fHsIRl%2FoDvOpM9ML87mKQNSuoXen12U9GXnuPliPZSjQ7uEQ2XUs6D3DiN3Eb%2FZDGyQ5%2Fmh797kVOJCVSVSiaWREF1EDaAmXzQXGdmtl84MwCc%2Fqbm8YUdOXFGSy7piy938MICNmGdDN4hhsWYbyiRW7LImAd2PNRouOLVBR9bkVCm5wEj0OqQCIo1m4NpB8PCprkDp%2BaCbhMEHisjcKllP5ySJGuD8KsofNP2DLWkHqr%2B31wk31dznR4EhPC6BI08fc6TT2xWkbDrUFJ2hBG8QaB8WVzn&nvMid=89665889866&catId=50007031
"나우푸드 실리마린 스트렝스 1000mg x 90캡슐, 2개","최저42,250원",https://cr.shopping.naver.com/adcr?x=N7fzGR2M9m1mJMUM79pTC%2F%2F%2F%2Fw%3D%3DshTJMDPqcIF9nKZ4u%2BXASTDx1QP%2BdwerQg0SYmpIwgA1dey7B58urSR2dWcZGSKRek00UhnBrRcwQpQGfcv%2FxpMMf5VnK%2FZ%2Blcr2dnYQJQClbipZsva8TIFsMLfAF3K%2F4eIMKL%2F1ukMTmWmRZyzgjPsol%2Fhb6ghGC6Bo7f2L6Qa3mleh0NYe0GdH5j4%2Fhn%2B5tSACfyUPb7GuBuWsGpjA91a6D72yMDusd14wuRj7AgxSE0OS2uJ0E56ymhmtNzyRR7i2Ult2qJ7dCNGHmDsyYa10XQgXfaUUbMGhIjSaHAKY5%2BGT4CDLSrmiPkIbC%2BJ4TFavjUm9fAj7mFsIMT%2FofEi4nRovzBZd12pYWq4bn02SAbCY81f975eS5nfR25FBiP83WAv8GAIoQ0MwLPWeb%2Fc%2FWPeC2ds9qfRj6ggeouEEVjQCpIk5kx4sJW2hrRfnK4uYfVK1%2Fo4QXLJL1ABRvgosDK%2FBPWWY58PI8s8NM1QyZzZyDfGo1SQoYRvXGDzWdwz0RrZfade8fcJXB4b1KJfZU5nTGH%2BTxZVbNifjbFo7j8R4IsTCVJIawlnAO0jVjs6AJg0mllcStsl9VHgNnBVGXWcoN%2BKxF5EtkECTCHBTyfW%2FtoTVbtMMnvh6200xO6T%2Bnp8TC5gcI10wBRhPWyb%2BGBoyQkiFtSLwcV09cBvfJsPj1pp4GT47Jma3GypnBVU%2F8vvVJmU%2F5wc%2FtQMjEvoVsN%2FiAcjmtIwlTUFZwg6A%3D&nvMid=51929540705&catId=50007031
"해외나우푸드 밀크씨슬 750 mg 밀크시슬 실리마린 90캡슐, 2개","48,900원",https://cr.shopping.naver.com/adcr?x=o62EWQrVJX7n9Z8Q3EJsVP%2F%2F%2Fw%3D%3DsTHXLzRnDD1%2BeuOgnf9qkR1S5eUl53Ln312q%2BbrUcXEwB7lroteB19Al8B%2BOedM3EnOtMp5HUyYQ%2F5MpSU4v1PrIXJeOS%2Bm%2FTFQDaZz%2F0M99WXtO%2FUYAc0oX99C9zgYLwdveRyDKCUGgme%2FvFhJRgOQue76i1zejd9Rkop4dxEdeQPGTB2rZou%2BEKYPHpDqDdBju2H9vlf%2B7%2FVgVUBSeHForiPkxPAXjk2LX8wmqtKDR7zqqyB9R%2Ba49f4UUtvPHF9qLfe9upVekGedWx1ZI6yZ6p4B7%2Ft1LeicjRJCCQBSsHi%2FJg47oNDDASkMKeDThBwc%2B%2FjkR2vl%2B%2B%2B%2F%2BVPNlrhT1v1obMLPpqimckgsLcW%2F9Lx3shDxXt9WvhxV6NJmdqqCcnDkYbaoUtWk%2B5M5L0w3kXU%2FDtm9blPatll2tbuiotqFCjlQmnA31IRUmnztT3OLBL8SuqwRPd5cMPYyTPXXWOh1eMq15V%2BlKctEF7DsbtlI5p9oBdkIF6SBUp74EpgTojql9bfEjycCvd0jZkawc6CNozSTaGIzYmZ85YNKKgT9LuR2g01ebkKVMliyaKRaK0AfpjuL7eN%2F593neZ7WgiIBwkJDE1%2F3Fh%2Bnijym%2BsGvSZZnJA2yQCVBBr3HxBDNPXxX5F5dEltXFTQapoN7da3hLVLabLWyIptVYCWhk3Ob%2BkqyszJi6f0Ky55IY6HRyPBWbUFRhWScTsgQynPg%3D%3D&nvMid=89351590377&catId=50007031
"피로회복제 밀크씨슬 실리마린 아르기닌 직장인 간영양제 피로싹 당일배송 7개입, 1개","20,500원",https://cr.shopping.naver.com/adcr?x=uLcSHHhmghtcV9dD4uqhxf%2F%2F%2Fw%3D%3Ds3XhfTq%2FHp4nTJjm9mL9XGa%2BzxQJR99qFXjS28%2BlIty9dey7B58urSR2dWcZGSKRe62Yx5WeSnISVEL9Av2iBA8Mf5VnK%2FZ%2Blcr2dnYQJQClbipZsva8TIFsMLfAF3K%2F4eIMKL%2F1ukMTmWmRZyzgjPsol%2Fhb6ghGC6Bo7f2L6Qa3mleh0NYe0GdH5j4%2Fhn%2B5thliDAjZ%2BzjRdH8RGr8Y3J9Yrh%2BJXf3WHIps3ONNOY0jyrIHveejqMb8dL3KpMH6a98FbEBD%2Bj0LTTZjvNvL8X7SwLXekovApZGHTFgojgtGrCRdUxvA177jl0VodmokhNUJnit2TyE8yh3GxJ0fiPM8hrGyxudHWjDYqBmtbjtQwgjq0TQNJMwyPJttdppiMf5S5ycDGuwbfEdv1A6kKwl0KWCuecqk0AKLsjKREboHS495KcmTTBt2fWpqEP%2Bfa8tNVF8H2IbIAE5rDU8KkivITVw%2Fe83bdsPXMC6gYgwuZzTZtaA4G5vgYZt5GvZPjGY6x%2Bb2OyTuA1YAiLtNzPBXXQP8Po4mtb7H1USTqNHNOSqNy5GFyIRa0JmuODGZB2tdSI8VgB1%2BW4LOinhnTsrGfiLQ3TZGjD7tDSQwjz%2F5hF0oNSxd1HJpCmPr0UgIeANwVL%2F%2Fnr%2FMgQbIOwt6jznsaWNa8NR9DzNT87zsfq5%2B9VNA7HzmMjCRngkKfJa14SJbu3%2BLfvcc0gMrJ%2FDrGxgN%2BQsjK6V0FLd%2Fybx7qcubNSE3OzZUT76KyqzckASmm&nvMid=89276856917&catId=50007031
해외나우 밀크씨슬 고함량 750 실리마린 90캡슐 2개 맥시멈 스트렝스 Silymarin,"37,700원",https://cr.shopping.naver.com/adcr?x=Sb9M7UBoc48025lhYAeWEv%2F%2F%2Fw%3D%3DsKF%2F%2BxlM5ZwVGmbs8jAOd0lEgR8F3pvOJl8eD%2B1p0KuUB7lroteB19Al8B%2BOedM3Eeu1DxsPEyiJsXbATKl1t9xT2s4QH8wxoKrxv7%2BtbMD9WXtO%2FUYAc0oX99C9zgYLwdveRyDKCUGgme%2FvFhJRgOQue76i1zejd9Rkop4dxEdeQPGTB2rZou%2BEKYPHpDqDdBju2H9vlf%2B7%2FVgVUBSeHForiPkxPAXjk2LX8wmqtKDTfFu2zFovxIy8yII65DliPTXgjax9Hqid618P0MppCwQvEixWMJ55Jv0KWmUSK2Ja1Z3O8HHanwr96uZaDG3GSB7P9jx5KZr1oy9qstZx7mzHFb4sNw1VoH9JVx5C46U2k1F43kNhlm9T7NL2G2Q6yLQvlUV5EXLU5gUQSNxZe4We7pNw8KFg9G87ghRczxX7s7n0iGhaTTr2TGYOl22erQ3t%2Fge8HwXV4%2FZLLZesI9pXGV66XKmCQvj7g4UhhfVGYeYSfx0OKFZdV834af%2BwZ3HSmhVX9AkgU%2BWJUzzIn7iTGiy8QoGtwQEZIC5t2pMS5WgJUrKOO9aTLCuhu69K9AckNvwmcDOjQfBoMCDQU3CqJgOGz9bzKpWAY2opf10UEUTstTmJNZDGJEkuckxnqrBr0mWZyQNskAlQQa9x8QaJIRyn7NZ4PeiBVGSGrxZ9%2BL1FHBEz69%2Bj2Ujj8yARM1hD0rMOkMVo8pR5JWpNv0h0cjwVm1BUYVknE7IEMpz4%3D&nvMid=87268706292&catId=50007031
GNC 건강한 밀크씨슬 간 건강 실리마린 3박스 3개월분+콰트로백,"58,900원",https://cr.shopping.naver.com/adcr?x=36t6AC5qXy1zMTOtEOIzuf%2F%2F%2Fw%3D%3DsTT3T5dGZ1dp3XD2Wqxu1RZSR2dGI4y1N90KaCobmQWIB7lroteB19Al8B%2BOedM3EZe1DJLuao3yOGr3Q5Rq9Rq5R1noEjABgxace161STKVWXtO%2FUYAc0oX99C9zgYLwdveRyDKCUGgme%2FvFhJRgOQue76i1zejd9Rkop4dxEdeQPGTB2rZou%2BEKYPHpDqDdBju2H9vlf%2B7%2FVgVUBSeHForiPkxPAXjk2LX8wmqtKDS3ZNDjFm0RNSs0E66Aq2mTFtq%2Bm%2FTMPW6rwShf0lhJZAvEixWMJ55Jv0KWmUSK2Ja1Z3O8HHanwr96uZaDG3GSB7P9jx5KZr1oy9qstZx7m%2F1h2BNvXNnwZA90M08Ngd4N5yWxFHhUdFDgBWdVREPEaq%2BySeM%2Fkdvf2AOYi57uJEx3pQTgOiOrfPD9jCe4qXw8RxfxWbQLAGYhZecPbWuxcdzBPQrgnkLkyqfI8kHamJHBcHfouLmFeF%2Bk0pXKGAbqDgS4XY3Xnm%2BqG3%2FQSsvux8jaaPe7KtBQHlF1Mj11KJBBgaiHJjrJWZB2R19vJeNbE9n8wZ3cGm1BcONjCl05KHmblU3gA1EC%2BuQ22bCtTg8FXB1Lfaq9aKbg6v8jn%2FL4V0zytAILunQ%2BkMRmbSQVDxk4egC50fFUt1c74cwoNEj3NG8uOXfSdg1xllsRuyvXgJ5GXr05Ex8Atwm0lMAU5yk0eAju75kwn3pvtpdWlQ%3D%3D&nvMid=83304724078&catId=50007031
종근당 간건강 영양제 간장약 실리마린 밀크씨슬 에너씨슬 지방간영양제 프리미엄 골드(3박스),"29,800원",https://cr.shopping.naver.com/adcr?x=kIWqVXwBFuzwcfQA4KVjlv%2F%2F%2Fw%3D%3Dsl%2BcsZR%2BfkZdtcOYUqKaFkqNMMLa8Jb%2FL%2FylEjrcX9isB7lroteB19Al8B%2BOedM3EdvvDzcbh9RG2kOcfoFq476pYRvDylYzIiir7DaGFKJBWXtO%2FUYAc0oX99C9zgYLwdveRyDKCUGgme%2FvFhJRgOQue76i1zejd9Rkop4dxEdeQPGTB2rZou%2BEKYPHpDqDdBju2H9vlf%2B7%2FVgVUBSeHForiPkxPAXjk2LX8wmqtKDS6kdLVYYoxgGbQsKFEpjvvuxtfYu4cqhd%2F1qceLz%2F08J6p4B7%2Ft1LeicjRJCCQBSsHi%2FJg47oNDDASkMKeDThBwc%2B%2FjkR2vl%2B%2B%2B%2F%2BVPNlrhT1v1obMLPpqimckgsLcW%2F8DwvWoo2XNKQChvkIXQGbiU5Wv2pdQIvtv9b%2BAntB8EHkXU%2FDtm9blPatll2tbuirs6suwWdIkQZ%2FEY48q%2FFpR7P9u6dxSdvmc5gLRBSpgBKjr1MvbHFOv62IWmtaoO9nBCZo5Iqvry2K7bSEUadsibdk8kIvjJR43N8%2FO7t9j0JaIsv3uLs5S4WtFW%2BTWZAb1Kd4W25nN1J36kXD6JIdFjMpXb4O6w92Zj2wTp9r7sSmpiB2V2sAqsw%2FX6Zehy3HFUuaK7U0t%2B2y6fVeb0SUNqlA1wKyKE3qZYjoluINLG%2FqlKI7CPkSg%2BCPHQ6wXglF0fSDbPWacYjnpFef5GzFxoLRpumg3YqLmZ1G9DfeRS%2BPKus4jLHhec4inClPgFTMBIniO%2BcVepjKwTgm3QZA0hWw3%2BIByOa0jCVNQVnCDoA%3D%3D&nvMid=89386689954&catId=50007031
[5중케어 NEW] 에너씨슬 플래티넘 메가 3개월분 / 밀크씨슬 실리마린추출물 오메가3 홍국 콜레스테롤 혈당 혈압 혈행 간 건강,"169,900원",https://cr.shopping.naver.com/adcr?x=8J%2BHBTNdRMl1%2FHNNZhhXlv%2F%2F%2Fw%3D%3Dsqe5O5Qka8u6hA%2FQTzeXnCFkSf4yKZTdE3CPIiyXjGKGfwvvfyRCLaqQCD1aDJtp5ROSU85ERYiXpBE9%2F6oZbIWedW%2BMyCIcyNsWGbi%2FX%2FUAhrX7i8ROREiNblWok2%2BM4INecLguCOFS0yyDoA3otyd2Yd2fJTVJtNiB%2B2nfDaUGHbAt5TRrf3sHj6P5TpsF7JxfYBSrxU%2BHc8r%2BjyXxpORDfSDBvRkBad9fdnOvVrJEbhDXifK7YcXZjMv8V9hk%2FA3zPFZ8h1T6hxZ6Y3Ri7c6jxweuISKW4uU%2Bc%2FtTRMWMErLiVapLwlJueGGJ2IhJzisext5K2yYkF868rsMDqiRtGrp6vz6PMRFi210fV7cW8lN0b3o5ord%2F4P9rL7XpxXa1PYAb0zmPF1cRoKRscXZF%2FnWJF0Aih484C5%2Fkmpey5MwZmmgeUNL6n%2BB2eEjlQpKRHR90nymrETxyzeuNNH3kljcCI6g%2BpIx67K2kmyUMpVhIVPIRRg4zv3z5FmkvJJijyflibZZiBNTdZSlloUI9ZIPT3%2BGNGWV5UOfFYwh0NaRNy6l4502fg0eb1Mq1Fvob%2F6ZNHSQzgtHmjzuu%2Fd%2FrWM2jQAZrtUQaNn4Xe%2BJhyKAflOPsWxr58WIKRx9EBdr3uILJIzNYnnS9G%2ByyEMLbSHZCUE%2FW%2BsZyCcCy01cLXKSISw6HdYtEGZzzSIpLOzPuv%2Bm9gV5eKBDarOFLJDGFzIydAGwv06xR5oD4w6ujf42rhuetwspJTLXVrx78sWsl5%2Bg4luaQ7gEP1gxuYzQnZJB9ecRqRU%2FLfyLs2KeI%3D&nvMid=89413029454&catId=50007031
해외뉴질랜드 고함량 밀크씨슬 50000mg 고함량 고함량 실리마린 570mg,"34,960원",https://cr.shopping.naver.com/adcr?x=sgn%2FoEFxVuVVkfvH7l%2FCrf%2F%2F%2Fw%3D%3DszmEdEfGAyDnHdcY4reKKN5tqlrWPau5Uk0Ioiu1FvoyfwvvfyRCLaqQCD1aDJtp559ZwYCzPOfVxJUZAhHCI3medW%2BMyCIcyNsWGbi%2FX%2FUAhrX7i8ROREiNblWok2%2BM4INecLguCOFS0yyDoA3otyd2Yd2fJTVJtNiB%2B2nfDaUGHbAt5TRrf3sHj6P5TpsF7JxfYBSrxU%2BHc8r%2BjyXxpORDfSDBvRkBad9fdnOvVrJFpm6Kmuhy8z03i8O2pC36HFo1liK0X4vQIqjkPuvjKWLSwLXekovApZGHTFgojgtGrCRdUxvA177jl0VodmokhNUJnit2TyE8yh3GxJ0fiPNyH5GDyqVIuhW8uHv0AjqDBJG3%2F0BMG2LIW14FZb3GuV36ogsAbT2GMBHUreotiQFxwdBi5ZiSBgs%2BQVwJJBTkWdf5INxKx%2FjIRJWyo9g%2BzLN%2BihWnpy1XSHoY6n42uOY741xWPg%2BGNdthTRE8B%2BClfguKLmYN7YjSKMblGxeIaWCCa2QRCrV1ofl87Njph9W6tSihvbCeJ6lEB%2FBmGgMEchugnPI6IMsClLN1onVZDZM67G4Pak3d3Tn77KrLKO3JOE%2FiJpUpFdKXktpFtCwfbmMv%2FzpluKan5e%2FWMnEtodIJm4A%2FbAjPpLHL00kRRHCEJ%2B2EHRzVquSMMB9Loj6EfLTWhoiF1VNUqS9KE%2BEnnQdAiJdwXirBRdnaxfvrBbw%3D%3D&nvMid=11353979661&catId=50007031
"해외캘리포니아골드뉴트리션 실리마린 300mg x 120캡슐, 1개","최저16,800원",https://cr.shopping.naver.com/adcr?x=d%2FRT0S7GZle4AjExB9tkCv%2F%2F%2Fw%3D%3DsaRWrNQRk1rlx1oI50NyGSI4Kyn1nvaNqjLwZeuwHB8efwvvfyRCLaqQCD1aDJtp51rKe2mqIiSVVqENt%2B9V5VWedW%2BMyCIcyNsWGbi%2FX%2FUAhrX7i8ROREiNblWok2%2BM4INecLguCOFS0yyDoA3otyd2Yd2fJTVJtNiB%2B2nfDaUGHbAt5TRrf3sHj6P5TpsF73IZpKv7R1G7ftbswwgHg0WT0ijqJmgB8QFB%2BxuSEEwFzDKZpbENcxQgsER7QxDOCAS6kj37y%2Bac3AM7PfZ%2FMOytL1aUoXmKMHKfyhPknle%2BDiSKQcy5NiwgMbVE795uFWqkGTJ4pQVBQmqLoPC7JK7JJ48TUb8qvYOSDevyMMfnDpmNu2Rs3tEPrV0ZTODsbWqyaFa2xLbpwGCJChqMDqpXfI%2FUxev2GXweVBuWzBts9Z0SeMqENQcl4GV2BeGrFkh5xxJ88yURUYLmkNoxw52iC7HmAN0hZHzJF2pBLFVgKdxpmR%2FOe9hARgxC56kTdRhljo4xjSCxaOzM0NSYz7AIwYsDEeEcTxIzi9Z1WVJDZx2UJqJ0lRCSly%2BaqQzV%2B%2BSFmmgBUVNRLJq%2BaxYMOy5NYw5IVyricF48%2FGuCshTjDoUUAthohLLuW3xNU0FeRiA3%2FU2AzguC84AnoS7Lq%2Bemnx0gl8JRS57nAieL9uImQ2gO3NuOPe6kP%2FJ72K%2BOeV3OdHgSE8LoEjTx9zpNPbFaRsOtQUnaEEbxBoHxZXOc%3D&nvMid=53531346354&catId=50007031
"해외나우푸드 실리마린 밀크씨슬 추출물 300mg x 100캡슐, 1개","최저10,500원",https://cr.shopping.naver.com/adcr?x=bMNdVmBEo1IXarjOLq0Ljv%2F%2F%2Fw%3D%3DsgVM1bKbXl0UEvqHbmohF59Uoz3Wa7wJIQhnyNhLsaMOfwvvfyRCLaqQCD1aDJtp5uyUqBYdwLm0b9zWi65HOjWedW%2BMyCIcyNsWGbi%2FX%2FUAhrX7i8ROREiNblWok2%2BM4INecLguCOFS0yyDoA3otyd2Yd2fJTVJtNiB%2B2nfDaUGHbAt5TRrf3sHj6P5TpsF73IZpKv7R1G7ftbswwgHg0WT0ijqJmgB8QFB%2BxuSEEwEaPcZUMSOYXw1JSDZ8y16BJ9BXA%2BtmUFwU779O3Fj%2FlCtL1aUoXmKMHKfyhPknle%2BDiSKQcy5NiwgMbVE795uFWqkGTJ4pQVBQmqLoPC7JK7JJ48TUb8qvYOSDevyMMfnDpmNu2Rs3tEPrV0ZTODsbWqyaFa2xLbpwGCJChqMDqk54GgWYBMlpDvSQRyMkKtM9Z0SeMqENQcl4GV2BeGrFkh5xxJ88yURUYLmkNoxw54av9KU%2BtYMiiRmUz4agidEKdxpmR%2FOe9hARgxC56kTdRhljo4xjSCxaOzM0NSYz7HBgr2UJZfQHqZXEdXfmEfH%2Fc3%2FZfMImi0N0EaDyYCYIs5fdZtUBozmMuT57rlixA6PNHaoLAStyygPh5JaFg%2FlyYOiK6bNPo2ULcPhhu%2FjzxfSoXAofCDefRbhlQHgk0ZTL3ruaVJreZl%2BplMuLoOo8ZVFp5CRRjL%2Bql1lgPvFwfLj2%2B7gjZuXXbZFh3gp2cdJaTgq8WFHrIE8Jea%2B79WwdHI8FZtQVGFZJxOyBDKc%2B&nvMid=51929351903&catId=50007031
해외캘리포니아골드뉴트리션 실리마린 복합체 360캡슐,"최저39,800원",https://cr.shopping.naver.com/adcr?x=ivmQGc9%2Fq%2BfTVIiBnufs2%2F%2F%2F%2Fw%3D%3Ds2i211B4xlbGWRwmIMnz%2BFhx1OQoJ1JfWl%2BvaZMqGnppdey7B58urSR2dWcZGSKRe2Pr%2BYdNNs%2FlvTzoH%2BSzE2sMf5VnK%2FZ%2Blcr2dnYQJQClbipZsva8TIFsMLfAF3K%2F4eIMKL%2F1ukMTmWmRZyzgjPsol%2Fhb6ghGC6Bo7f2L6Qa3mleh0NYe0GdH5j4%2Fhn%2B5tSACfyUPb7GuBuWsGpjA91a6D72yMDusd14wuRj7AgxQkIkU7ytQb24SFTeQqMPQ57i2Ult2qJ7dCNGHmDsyYa10XQgXfaUUbMGhIjSaHAKY5%2BGT4CDLSrmiPkIbC%2BJ4TFavjUm9fAj7mFsIMT%2FofEi4nRovzBZd12pYWq4bn02SAbCY81f975eS5nfR25FBiP83WAv8GAIoQ0MwLPWeb%2FVif8goqmoWAF3n3NGMBrXcVjQCpIk5kx4sJW2hrRfnK4uYfVK1%2Fo4QXLJL1ABRvgvLC5mk2nXNYEJIjtxB0hAmZzZyDfGo1SQoYRvXGDzWdwz0RrZfade8fcJXB4b1KJc18%2BDqTIJnQx2YOiFkg0OwLMsMzVMtIFoDaBexBCvAm94azzOYfhsi688rA%2F03kw%2B%2BGvKTKJ6cCubdBztALJqpP4PMPHCnudPTZjGRUD3iUHg8qX9Kw1y72newlJKhKb5uFRWkyJzlB3%2Fq9g5S3k6jXVKRe8%2FEIUv07%2BhtwRORUDVCYCaeglF2rgr1u2OQIzQ%3D%3D&nvMid=35412989618&catId=50007031
"[3개월] 닥터린 유기농 밀크씨슬 실리마린 간 건강 30정, 3개","45,000원",https://cr.shopping.naver.com/adcr?x=BIfZMPi%2BpM54mRNLNA4El%2F%2F%2F%2Fw%3D%3DsRDFjXALZ8Sjbr1rIQu%2Fb6N2yepEJQ7dQeilVDHaDNCIB7lroteB19Al8B%2BOedM3ECUzoLGdKz6hLFaqQHsyjyEBG2tjDuVPPQ2ClLoD1E39WXtO%2FUYAc0oX99C9zgYLwdveRyDKCUGgme%2FvFhJRgOQue76i1zejd9Rkop4dxEdeQPGTB2rZou%2BEKYPHpDqDdBju2H9vlf%2B7%2FVgVUBSeHForiPkxPAXjk2LX8wmqtKDQ6ruEiOjS293zhnMa9XuivRI6QCrHbg%2BpOPH8CpDivOAvEixWMJ55Jv0KWmUSK2Ja1Z3O8HHanwr96uZaDG3GSB7P9jx5KZr1oy9qstZx7m%2FBuJTFzmnuhttZ9e%2B5e1VhZbbE7Nanq%2FU6HQOyxgXuTrxn3FgoB55e6wbEyBHEnRJx2dCtR%2Ff%2F7nTnv8X5XfFuoBp%2BDmNfJBYuI%2FD3zs9kz4pBPtT8SdIlutxKoMv%2FUSDz3DUJQzDrFJ1mXo2F0i%2F8DHipOlaZk8KYOLpP2lEPwDWkTcupeOdNn4NHm9TKtRRSAVL4Cndpkkw53uGpEhRlMgTjPJbALUrmvPKnqflyvhr7vYmK1sevEFMxGEz8Mooxs5dT4uQ%2BFu1d6Dw5lO0D4V0zytAILunQ%2BkMRmbSQV95tQag%2B3WyVtYOHUeL6i9xPmmT5OuyVTb67GPY4pfdNv3Yq0%2FRl5LE%2BSSC83qvT15yk0eAju75kwn3pvtpdWlQ%3D%3D&nvMid=84047122719&catId=50007031
"나우푸드 실리마린 1000mg x 60캡슐, 2개","최저27,130원",https://cr.shopping.naver.com/adcr?x=17AjR%2FZ2KiKw%2FqHlP%2BxuGP%2F%2F%2Fw%3D%3DsiWxR2GOBHx%2FJtQgYLhxLtslcG84E%2FN0lcskaHHopU6IB7lroteB19Al8B%2BOedM3EIRdODsim1OJWVFwC6go4ebIXJeOS%2Bm%2FTFQDaZz%2F0M99WXtO%2FUYAc0oX99C9zgYLwdveRyDKCUGgme%2FvFhJRgOQue76i1zejd9Rkop4dxEdeQPGTB2rZou%2BEKYPHpDqDdSWzUz3G5xfGQ8%2B3tBOZJEWvqR2unsG9Pw6XBns%2FftjJqZ%2B8fPCVFjQWbCKHgK2r99jHAfxgbFnVe%2FaQT2u8VATTwaW1b9V4Bf2Q5TmpgIVRWgcgKXB0Yc5GhC9eZlgqyQYqMhmHNSJbnCrgS7j8Uh1v21tUWS%2FdFSkEy0rQhVA9D4P%2Bj2CVvS6QkrpszyaIoCuwrUM2Vi5bq9fxYHuPhKXl4fS7Gj5SFD%2FFpvgj%2FPVMf2l%2FMgUhqZ3DdnLpVq0McgdoU%2BqssSjRlWNjdpoOYiflBgA20PjL2Qk400xiymaMqrh11t6Gwif1RcR%2Byd7lc5RGB9VtJZ%2FR5m4IKaDJSCt2sw5a5UnN%2Fl4jb27bmxmNBftl%2Fi69R2u5RFaI%2FMbHjtzwN5%2BeqXQZJ2aVgXJqcmObKcbDtbER3DXjZYTB9znmJoMfR7H1wkuV6KqeswMd6AYTYOqTv%2FsOm0kcFv3bjpNJd6DOAna3KX%2F2%2FHzaozA4bTNoPX7G9CtdjktBL0frnb1NmOoRBMBsXNQGXzjfbC%2BFUQB%2FrDAzm2q1KHRsHkfE%3D&nvMid=51929183989&catId=50007031
해외나우 실리마린 나우푸드 밀크시슬 NOW 밀크씨슬 Milk Thistle 300 밀크시스,"14,900원",https://cr.shopping.naver.com/adcr?x=Ijfk59QF6o%2FNSxv0azqCof%2F%2F%2Fw%3D%3DsCUOcAyiwG44wq9yzAgxi%2B0p%2BSuUFypIyXdu7FY3CM1Rdey7B58urSR2dWcZGSKRe2nySXvu8zKvFdKoabdeypMMf5VnK%2FZ%2Blcr2dnYQJQClbipZsva8TIFsMLfAF3K%2F4eIMKL%2F1ukMTmWmRZyzgjPsol%2Fhb6ghGC6Bo7f2L6Qa3mleh0NYe0GdH5j4%2Fhn%2B5thliDAjZ%2BzjRdH8RGr8Y3J9Yrh%2BJXf3WHIps3ONNOY0j287mETmE8syKj3yO2j7XjZznAAH%2FDJkgOxgHmnSf1jTrPjXVpAYjjMPX7rV%2F9VELffisv5tHfoGFh7RH%2BtSaOAFJNLWxG%2Fj2gEfGb7GroeOs7YuGv3dq7eiTgzAl3djeMIjRbfkQfMogE4z0hPx15rpRUXZYFeTynI1AB3WXhCxdytuqDEm%2BbLOJVnj50wYCJBjuTJtmMTHOC4YPejKZVaaRTPFEgUbk5eKSnHBMdp7E7cGef2NHDEcSZY2vXq9eP86hcWuMcoTOJ2FYOLnPHqDx07wxMq1uYHaUkUxtIYWsETlFX9izBAQIKVSYIfySqyQJvhu71Mmf%2B6GT5ls%2Bi8nzAlnhGxn6CQcdMmLKxZRQoEJoXGPzJC%2FYHZd%2BIREajrgWQ%2F0JBsjHud4pzo5y1vzjktBxP3PCmvaR%2FXIJ3R5lNHY9X%2FYBVAAm0RD%2BELukGpMiCiQe993AQMjlp4KXeV3OdHgSE8LoEjTx9zpNPbFaRsOtQUnaEEbxBoHxZXOc%3D&nvMid=87113736445&catId=50007031
"트루포뮬러 칸톱 밀크씨슬 (실리마린 간 건강에 도움) 60캡슐, 1개","29,500원",https://cr.shopping.naver.com/adcr?x=Pc2bB5EFKgXW76wfVKhiCf%2F%2F%2Fw%3D%3DsUKuuM2tpx9nFKDjl9iZjoMy6Pq01scfgmvnY%2F%2F6UIcyfwvvfyRCLaqQCD1aDJtp57nM7Ul9QVuGJu4IYZR7aiGedW%2BMyCIcyNsWGbi%2FX%2FUAhrX7i8ROREiNblWok2%2BM4INecLguCOFS0yyDoA3otyd2Yd2fJTVJtNiB%2B2nfDaUGHbAt5TRrf3sHj6P5TpsF78KvNW07Er4M0V%2BFenvQ768brpbf1thVHsnzKCmbb8q1Nvx3FVb2%2BGoViTZTy1uD%2BsEuyP%2F2qypcx5zdoVKw%2Fip6p4B7%2Ft1LeicjRJCCQBSsHi%2FJg47oNDDASkMKeDThBwc%2B%2FjkR2vl%2B%2B%2B%2F%2BVPNlrhYuOxDDKUbd5bZHIUWzekzOB6eLFCy2KRsF4TUjryA7MfVn4z5Dn9pXQi3X7Kly6HEx3pQTgOiOrfPD9jCe4qXxjFlMurUV9FH3sQAtN6XuOUJM2%2F0GfnUrVg5%2BE0egakKzniFO%2Bd%2F1IjADBTfTMUtpl394NKRHFY01m1%2BxJWdof9rYEfY45P5gumnTPtyahyJrtU%2F7Ez5HnBWSlZxQlVIRdVPze9gfCFH1FlQx1vPcXlDSbhH3Lj6h9TG77bLYSyhZE6yVrvLJK0WHl5DAarJWQCU4rA9qEITJh30T6VqaOD80voskKSFQJomGTpNnd4L3y7goERRa4KK5TrHUeS1iSPmZCpHxz16EJSBmVEksqgqgOvq6z5EpEI5N2xav1Mg%3D%3D&nvMid=83257148267&catId=50007031
"GNM 위편한 간건강 / 밀크씨슬 실리마린 30캡슐, 3개","38,900원",https://cr.shopping.naver.com/adcr?x=PnHrQkjzFWPjJLr%2FQhgTjv%2F%2F%2Fw%3D%3Ds2WF4Z8h2mvY2vVVHzdaLNFT7%2BfHN0oVIUtaDSwFBIVyfwvvfyRCLaqQCD1aDJtp5vbeyWVxO0N1Ve%2BcoOeWdjWedW%2BMyCIcyNsWGbi%2FX%2FUAhrX7i8ROREiNblWok2%2BM4INecLguCOFS0yyDoA3otyd2Yd2fJTVJtNiB%2B2nfDaUGHbAt5TRrf3sHj6P5TpsF7JxfYBSrxU%2BHc8r%2BjyXxpORDfSDBvRkBad9fdnOvVrJHY9IcJttIPKuaC1oHoarNgzQSnEj5ycG5vfyLsHvUb70%2B7oghmHxS4rChb36C%2FDVenOKrGmoGObRSdzDZKkQraJV03cukp%2F9sq6JmLvPVclAhDDkL4MTBTLG3HVz%2B%2B%2Bf0ozR2qIWByv%2FJroEIotwjzf5S5ycDGuwbfEdv1A6kKwo3u34m6b1OFZPUGikvJ%2FcNjmpWtu1t8admEtBapNapTCyfkOSxACTbAy7XBRTGm7tqZnQVO3lPhDjodRqFYIBOEIRbPVmL2UKuwYUNL1QcXbemOR34PaCM4YxiNm53NsV4D0DliIQ55HuyM2a0Yimq6QC8fSEubjEBhuA4nK0iqhWsRFQJRls%2FeDBFlRFkkiz0lPCg53fvCBDaSreLseuNGAqxxur7z%2BPYHAxij48ccjNGn%2Bjz2ZZv%2FLy0ZqNgWZT%2BdL1OgDrbJJWmUj4kFuEdWkbDrUFJ2hBG8QaB8WVzn&nvMid=83468281116&catId=50007031
"비타랩스 간건강 간에 좋은 실리마린 밀크씨슬 비타민B 간영양제 3개월분 90정, 1개","9,900원",https://cr.shopping.naver.com/adcr?x=VMiO8aGsrhGnE0uDdcrNQf%2F%2F%2Fw%3D%3DsOGi%2BMAQ3rrDc2OHiQq58gN%2FO0EVrey%2Flsxc0430oDktdey7B58urSR2dWcZGSKRegDhqCCJkbMQg2nmx2nWrOMMf5VnK%2FZ%2Blcr2dnYQJQClbipZsva8TIFsMLfAF3K%2F4eIMKL%2F1ukMTmWmRZyzgjPsol%2Fhb6ghGC6Bo7f2L6Qa3mleh0NYe0GdH5j4%2Fhn%2B5thliDAjZ%2BzjRdH8RGr8Y3J9Yrh%2BJXf3WHIps3ONNOY0gmJ8mQnt9PWqzXHUwawoJ2ZznAAH%2FDJkgOxgHmnSf1jTrPjXVpAYjjMPX7rV%2F9VELffisv5tHfoGFh7RH%2BtSaOAFJNLWxG%2Fj2gEfGb7GroeKZArs5Lhmo8lQ%2BKAHdrS%2BPJ%2BtZQ9xxo1gzhn%2FUXkdT1rpRUXZYFeTynI1AB3WXhC5eWnQnkLRqdwsomNCzZv2s4covQHSbGPI5GMrA%2FKNKTG43CzUDWGVZT0I8aVLxrLIjl60dMMjosc61I10xMKVkkFxWGM%2F2jRcUKw%2BHMZ596rQvLkdGPVujRnsLAtZpIaj5VzF3WM6S93n9nNNDrnNxnonM3gucypKB13Y1FtwOe3WI4hZFA1PXKBxd44LOO0%2B6bEh1dvv1Spo0CONWXtJPSPAye18maEadu8Sp32kLksQocLEGGa0wsleHc2pFkrU%2FEXL%2BLiUjrGArGi4e4Ke381fyVMGiQWfw66Jlk14v9heghlKF8%2ByamOeqsrY6UX8tVYavx%2B%2B8fWZa9SBc8rqM%3D&nvMid=85218895229&catId=50007031
"JW중외제약 프리미엄 리얼메디 간에좋은 밀크씨슬 9 실리마린 마스터 900mg x 30정, 6개","최저19,760원",https://cr.shopping.naver.com/adcr?x=PvTsfeOq%2BWahzqxKAcM8YP%2F%2F%2Fw%3D%3DssQytK2U8SLPMnW4OHzYt0%2BR37g%2BT5JnLsyXLOde%2F31CfwvvfyRCLaqQCD1aDJtp5Zb6Ei%2B5RlhdgyNzPbOO4PWedW%2BMyCIcyNsWGbi%2FX%2FUAhrX7i8ROREiNblWok2%2BM4INecLguCOFS0yyDoA3otyd2Yd2fJTVJtNiB%2B2nfDaUGHbAt5TRrf3sHj6P5TpsF73IZpKv7R1G7ftbswwgHg0WT0ijqJmgB8QFB%2BxuSEEwGdLyMNhai%2BzhEycxj15PWO9yRH3qdnz94cX5LI59PcfytL1aUoXmKMHKfyhPknle%2BDiSKQcy5NiwgMbVE795uFWqkGTJ4pQVBQmqLoPC7JK7JJ48TUb8qvYOSDevyMMfnDpmNu2Rs3tEPrV0ZTODsbWqyaFa2xLbpwGCJChqMDqgpKDC%2FmzQMoEEGm7GiLhTY9Z0SeMqENQcl4GV2BeGrFkh5xxJ88yURUYLmkNoxw50M6bwVGBnQZIhzDtgMHoncKdxpmR%2FOe9hARgxC56kTdRPFuxCMDO1uZjxDEE4tIKuDWGz%2BIboMbm3PQjyocYkITRMF1%2BoNmpfYtNb6cYHbXC5CbEqrYCyvxsuqT1YIGNPd8YnztuDB0YhmeGMNQz67tFShG0NjsxQxXuF0RxuaAShCMBHs5ru6Wg5bwprei2u0rB0uzJU9HyOWwdTkydsN5nlAet6drBNzjbNyoa5tgSAW0ZGtNLk1bWHRqdkFc1Y6%2F74bs%2FzNmznhIO5N5zjXs5%2Bpk%2Fj3r20mCll3wXtnd90MtzB9RtTs7r%2FIMjj5i1WhopkeKUdu5q4dSKA0zkoA%3D&nvMid=51929238770&catId=50007031
해외나우푸드 밀크씨슬 더블스트렝스 실리마린 300mg 200캡슐,"30,000원",https://cr.shopping.naver.com/adcr?x=szKcKeNueUZCE%2BRyD0%2B%2F5f%2F%2F%2Fw%3D%3DsNfQnBNNJYvChIYCrKdPcAkmRTsJyo5kWF29YMwELblOfwvvfyRCLaqQCD1aDJtp59ceCRhgNeVRZqDYDey8WF2edW%2BMyCIcyNsWGbi%2FX%2FUAhrX7i8ROREiNblWok2%2BM4INecLguCOFS0yyDoA3otyd2Yd2fJTVJtNiB%2B2nfDaUGHbAt5TRrf3sHj6P5TpsF7JxfYBSrxU%2BHc8r%2BjyXxpORDfSDBvRkBad9fdnOvVrJFHKamjTLHnSt6gNUNugMdyvjSxftxJKFExEfjw9Imzzk%2B7oghmHxS4rChb36C%2FDVenOKrGmoGObRSdzDZKkQraJV03cukp%2F9sq6JmLvPVclKPEmTpQI13yxAfq3iKDoj6zkgBb%2Bnd3aNp%2F6iEENcn4f5S5ycDGuwbfEdv1A6kKwmz07igwyH4nJfRGRDuIq4LNjhakbMfCGyvEZCv2EXGTjtsig7%2BapgjiyjAChrjb33XJren9kB5SO4Nf6WwCx93n7uD46otH%2FUsjrTyrZc28f8wVPIozleu9AdKkv4E0eE%2BZMhgSgeSx3jfsL3S0YAzvZsoe3LXL0R9zGZkaVTxhgNb6jExRYARjFOneWlNk8DYhYCKekPCDvbTMF%2FwJQpe7N9QwAXadDyh5Qnj0ZuX7OeIg5JaOarXo57DZZXmrLkmx6JUxTyZfWBLj8QN%2BDMjke%2FVP%2BgM94BPZkP5YJ%2Bex&nvMid=82693442813&catId=50007031
"루체메디 간에좋은 밀크씨슬 골드 실리마린 밀크시슬 간 건강 영양제 30정, 4개","27,600원",https://cr.shopping.naver.com/adcr?x=xx8%2BU9lL0gngxmSz2dmCOP%2F%2F%2Fw%3D%3DsbCNOISvA8y1oNY7r3rfSngRz8%2B8QqNGOfMiKjFw3pqWfwvvfyRCLaqQCD1aDJtp5Y9wkJslaF4g7v1D79PK5kWedW%2BMyCIcyNsWGbi%2FX%2FUAhrX7i8ROREiNblWok2%2BM4INecLguCOFS0yyDoA3otyd2Yd2fJTVJtNiB%2B2nfDaUGHbAt5TRrf3sHj6P5TpsF7JxfYBSrxU%2BHc8r%2BjyXxpORDfSDBvRkBad9fdnOvVrJHIv34f8qK2BD6%2BhIyMQqJmrEmGNGXRDK5vR3A5Xx%2FOKU%2B7oghmHxS4rChb36C%2FDVenOKrGmoGObRSdzDZKkQraJV03cukp%2F9sq6JmLvPVclKqMABhXpgZLQLt2RGauDL1rW2DZ3qEQOJrqaxvj%2BTOuf5S5ycDGuwbfEdv1A6kKwp3YiEA7tbtmzYfzQa3RBjERMcFJHw2kT9I4IOK3JB9YC1ZPiGleMFCrLjdSZmEAxpxTcvFlKvlNUMfCv1ZZ%2F0y3gIIuQgtwfpXiIdhh992fsx9ZjXKWRl%2F05y1Fgj96AODcX6aZqt4bwmTEZO1MS3lTkLJU4dotaccclA%2B3fC94OWW7NcFQyB235pBBE3DuHedQhlvNiciSG1XEcNkhxabHTIWqPWaY%2BiTQ8EsSOSgsPVzPTrxslHIPszD%2FVYe%2B%2FgQs3OBpI55DzFzXGaZRWRAvPnYkaJEz5M9ybgBiAZZ%2BgrpF3pzxV%2F5bqV93QznIXQ4SwcLvxUEucVmH%2BcOht40%3D&nvMid=82986727331&catId=50007031
"락티브 유기농 밀크씨슬 실리마린 500mg x 60정, 1개","최저28,900원",https://cr.shopping.naver.com/adcr?x=lMn083GsFue1jHs6GiJq%2F%2F%2F%2F%2Fw%3D%3Dsgtau34YQ4T9SWHwZw6gOY4J4ecVyxtosjfaN2pSqh5ifwvvfyRCLaqQCD1aDJtp5lmmHi3maLpaBGKJhlepAnGedW%2BMyCIcyNsWGbi%2FX%2FUAhrX7i8ROREiNblWok2%2BM4INecLguCOFS0yyDoA3otyd2Yd2fJTVJtNiB%2B2nfDaUGHbAt5TRrf3sHj6P5TpsF73IZpKv7R1G7ftbswwgHg0WT0ijqJmgB8QFB%2BxuSEEwHMRk7XGe3cGOXBTVKtQsIiNS%2BIXYE6im4ufyyzqyxpeytL1aUoXmKMHKfyhPknle%2BDiSKQcy5NiwgMbVE795uFWqkGTJ4pQVBQmqLoPC7JK7JJ48TUb8qvYOSDevyMMfnDpmNu2Rs3tEPrV0ZTODsbWqyaFa2xLbpwGCJChqMDqln%2BozFXa0krIOpZMUahYaE9Z0SeMqENQcl4GV2BeGrFkh5xxJ88yURUYLmkNoxw52rYrg8SezMaLQFFyd28EssKdxpmR%2FOe9hARgxC56kTd35QORdbRpasIJqTp3EMEESceYa2sZ8%2FfoiRYk8mSt6J0UPKsuHH4L3AgJHNRhC052OoLziTiH2ZAQ2nXtr15v3Z0NOdGF6crtK1D7C8JUpXmynGw7WxEdw142WEwfc55y%2BPYI95Gd8oz2JjzhkZGZQGE2Dqk7%2F7DptJHBb9246QjQjPMECUg2dlox6VxMDDIBKmBJdWQVPH1HM%2BjRTsPsW9TZjqEQTAbFzUBl8432wvhVEAf6wwM5tqtSh0bB5Hx&nvMid=51929608853&catId=50007031
"해외나우푸드 실리마린 밀크씨슬 터메릭 150mg x 120캡슐, 1개","최저8,500원",https://cr.shopping.naver.com/adcr?x=MEn6V4sZCBG9kUC2QIJICf%2F%2F%2Fw%3D%3DsimPQkIOZRqFp4PmVGo%2BVA2SlRXiCjUeC7nyxyUPUenqfwvvfyRCLaqQCD1aDJtp5OWO0qCOWfgVGAaJ%2BYxoXF2edW%2BMyCIcyNsWGbi%2FX%2FUAhrX7i8ROREiNblWok2%2BM4INecLguCOFS0yyDoA3otyd2Yd2fJTVJtNiB%2B2nfDaUGHbAt5TRrf3sHj6P5TpsF73IZpKv7R1G7ftbswwgHg0WT0ijqJmgB8QFB%2BxuSEEwG7YjV4OEeqaPInSZwmO2sCmS4cVak1ujDSfEdJS6hteStL1aUoXmKMHKfyhPknle%2BDiSKQcy5NiwgMbVE795uFWqkGTJ4pQVBQmqLoPC7JK7JJ48TUb8qvYOSDevyMMfnDpmNu2Rs3tEPrV0ZTODsbWqyaFa2xLbpwGCJChqMDqrqCEhq50HRwjGzeSrYhiBc9Z0SeMqENQcl4GV2BeGrFkh5xxJ88yURUYLmkNoxw5zPOQbtb5AHKd%2B9gdcuIUUsKdxpmR%2FOe9hARgxC56kTdRhljo4xjSCxaOzM0NSYz7HBgr2UJZfQHqZXEdXfmEfHGYynj8cX0TUvFuKyaGGsOgxauSPRC47LIXr41vKq8dBYd07bdRNF%2BgtXQPx2nBC7PWJLRvnDvJMriQxpgLj5lbe288qA4%2Foub%2F0S4mkqfP8LSGId%2BZ%2FOYAjRfVwLnTYpfLU4NjmwwU9pd3SkgpOJGFwCCdjlZoN63XLRP%2FZ32Ex1tsl0vA1J61Oqwz8g4pV9B0CIl3BeKsFF2drF%2B%2BsFv&nvMid=53531357259&catId=50007031
"[1박스] 우고래빗 건간 플러스 밀크씨슬 500mg 간건강 실리마린 비타민B 30정, 1개","3,900원",https://cr.shopping.naver.com/adcr?x=Ua3xBGtjVvheMxjr9ZQjL%2F%2F%2F%2Fw%3D%3DsXDJiyqz7vXywXxF1JxR7HDQIVMSQR6eE9H9ck5PvjLMB7lroteB19Al8B%2BOedM3Ev6Z6kZIOmUC0VBiac1czfx8LWj%2FM7r87ZsnADkqlB%2FNWXtO%2FUYAc0oX99C9zgYLwdveRyDKCUGgme%2FvFhJRgOQue76i1zejd9Rkop4dxEdeQPGTB2rZou%2BEKYPHpDqDdBju2H9vlf%2B7%2FVgVUBSeHForiPkxPAXjk2LX8wmqtKDQOAAi9AKPGAKHIU0jTXubN8L6pGrIlm5vuCpYJPrOkgJ6p4B7%2Ft1LeicjRJCCQBSsHi%2FJg47oNDDASkMKeDThBwc%2B%2FjkR2vl%2B%2B%2B%2F%2BVPNlrhUQ6cpKTqlmYGalnAZlcEQ2RVfVzbwuBcyI0e7JPYMJXSfvWQ0n2CAfwA%2FFst5j1VHkXU%2FDtm9blPatll2tbuio03lgOQYuxPDnpG7kN968ClUMXASfhKTEbI0gKiyA2wqXlHNQXcIvoQHAi1ZfG5ZymUymMc1E5QWcT2cT8hcwnISD80kU2ZBJQem7NKB8QGY%2FHGPmU%2BTouXEFYYyu7hWcrZTE%2BjmrMz%2BO9w6e95jiRr7e7VMMJljk7bRPiGoX2ywsVVbV9JCbHMUpMK6ZiP4VvJv0C8p0BX3Rj0UlIxXI0MFEhOdAK6Z7RypgzTm1nJpAJTisD2oQhMmHfRPpWpo4TKPS8scRPdpdQNurjc9D9lfS4STPMRECGhMYJZFcAd0vOKTKDnFR2uJj0qweDluxAgT3MzuoHxd78JkzPAWyO&nvMid=88555801390&catId=50007031
"해외나우푸드 더블 스트렝스 실리마린 300mg x 50캡슐, 1개","최저8,440원",https://cr.shopping.naver.com/adcr?x=IKfi6Kl3MzmbgR09WW4kpv%2F%2F%2Fw%3D%3Dsq38OGYDjcmKw3K7RVH1exBSvb6nEBXGlfYgqnlf0NPddey7B58urSR2dWcZGSKReoQwXQmcZoS%2Bpmb4LetSzp8Mf5VnK%2FZ%2Blcr2dnYQJQClbipZsva8TIFsMLfAF3K%2F4eIMKL%2F1ukMTmWmRZyzgjPsol%2Fhb6ghGC6Bo7f2L6Qa3mleh0NYe0GdH5j4%2Fhn%2B5tSACfyUPb7GuBuWsGpjA91a6D72yMDusd14wuRj7AgxTG%2FxEdeHn7y8h3whiVjpEV7i2Ult2qJ7dCNGHmDsyYa10XQgXfaUUbMGhIjSaHAKY5%2BGT4CDLSrmiPkIbC%2BJ4TFavjUm9fAj7mFsIMT%2FofEi4nRovzBZd12pYWq4bn02SAbCY81f975eS5nfR25FBiP83WAv8GAIoQ0MwLPWeb%2FRqR%2FCq9JPqM4UnutPb8%2Fu0VjQCpIk5kx4sJW2hrRfnK4uYfVK1%2Fo4QXLJL1ABRvgiLcBZghJ1%2Fuo0314gsOZMiZzZyDfGo1SQoYRvXGDzWdtDu3BbZk9OSRHncqGRF7bxeyXdwDz8PZrk7pnbw7JrGP1Qc%2BA0kaeGYpz5SfNjp%2FPC%2B63MrpUdmbev8gOogZ5CJXK%2BxVJmxqZFda%2Fv8QBi7HuZjT2pZi%2BqfAgsLO%2BgV7gZ%2BpWG5dXaYUGRdSiQUg42JxyHBE3CYnzhPLG%2BOCDMXmZy98jkkeW5Xq2F1KyHXeGVxId1Mvx5vO0trEeUNdU%2BR79U%2F6Az3gE9mQ%2Flgn57E%3D&nvMid=51929516967&catId=50007031
밀크씨슬 실리마린 5박스 총 150정 5개월분 엉겅퀴 판토텐산 아연 나이아신 순수식품,"21,000원",https://cr.shopping.naver.com/adcr?x=gyxLce6uKPCUxPqyi9Cxnv%2F%2F%2Fw%3D%3Dss2cZUX7ygWkr6QTYQoaUXNDsQmz2pZJN5pNPGocmxuGfwvvfyRCLaqQCD1aDJtp5Hm5Ue%2F4w8CfDxqNi8Bry5GedW%2BMyCIcyNsWGbi%2FX%2FUAhrX7i8ROREiNblWok2%2BM4INecLguCOFS0yyDoA3otyd2Yd2fJTVJtNiB%2B2nfDaUGHbAt5TRrf3sHj6P5TpsF7JxfYBSrxU%2BHc8r%2BjyXxpORDfSDBvRkBad9fdnOvVrJEuyTwI4zjM1d3KT3wJr4BxnpgRTEXYKOSrjjMHKZPEak%2B7oghmHxS4rChb36C%2FDVenOKrGmoGObRSdzDZKkQraJV03cukp%2F9sq6JmLvPVclJfF9oU%2FrR2PKVfV5LdT%2FB49A9VIFVtQTQlDMXZcAgzuf5S5ycDGuwbfEdv1A6kKwsF%2BNpDSxXUh0gdC2M%2BYL16ChRFQSCdaSjl82AQso%2BkOiL32SJW7xBls0RJ3uhleppnNNm1oDgbm%2BBhm3ka9k%2BPrmoj9efjPQrvR%2FTcy9fHFC%2B1PYcNOZoyqzTpLy%2FWohCc8ABoraH4Ec2k1hcFAO%2FNUV121tfoBLlVzSolTy%2BcqTXxlwAMIOtZYcWBGCRrSFnorBt1OF1LjFMuk8Ie8R3edJHL5O7bMKJohkFSai97yVpq6K3iP81tvVkceGW4l9jNfG5GYN%2BXreIkVqTZTs11NUc5I9NUALtpeB7Jn8al1HcbmigNQcuU3NAv4bWPfOmk562BGSHm%2F3xG%2BMu%2FwZi%2B33g0yXNzV93rtwrDtankM&nvMid=83164005188&catId=50007031
"삼대오백 실리마린 밀크씨슬 400mg x 30캡슐, 1개","최저9,900원",https://cr.shopping.naver.com/adcr?x=9uvFjtSgAKHXqueKOeCy1P%2F%2F%2Fw%3D%3Ds%2BFza7QZzTj904RCC2HP6tlumRXbmvFpO3nes64fyrOtdey7B58urSR2dWcZGSKRe7YDUgnBkP9s54m2X%2BXcei8Mf5VnK%2FZ%2Blcr2dnYQJQClbipZsva8TIFsMLfAF3K%2F4eIMKL%2F1ukMTmWmRZyzgjPsol%2Fhb6ghGC6Bo7f2L6Qa3mleh0NYe0GdH5j4%2Fhn%2B5tSACfyUPb7GuBuWsGpjA91a6D72yMDusd14wuRj7AgxRYJyC83FNtDUfAb9Qt49pH7i2Ult2qJ7dCNGHmDsyYa10XQgXfaUUbMGhIjSaHAKY5%2BGT4CDLSrmiPkIbC%2BJ4TFavjUm9fAj7mFsIMT%2FofEi4nRovzBZd12pYWq4bn02SAbCY81f975eS5nfR25FBiP83WAv8GAIoQ0MwLPWeb%2FaCFVndYavh2PihO4VDilc8VjQCpIk5kx4sJW2hrRfnK4uYfVK1%2Fo4QXLJL1ABRvgl75m0ObSuUjCQB5QNiFXNKZzZyDfGo1SQoYRvXGDzWdwz0RrZfade8fcJXB4b1KJaUeyvurFt11pDMjgHsI3hp%2F627%2FbrDPfZiCmk96eWlVJom2GpjqrcpE35tazTMFwVTPFvKWcM8TfFq%2BoAoHVyETvsHTpHBIumINv%2FG1I%2Bvvuu6hWTQwEWHGZEUDU8GMKa4H0m2%2BGbuNtKVaMVXYy7X0Bxdi%2BsdtaVm%2Bba513g8KRo4oNZU8G3AnYsgt025TgYKoDr6us%2BRKRCOTdsWr9TI%3D&nvMid=51929310973&catId=50007031
"친정아빠건강식품 밀크씨슬 실리마린 11종 복합기능성 500mg x 30정, 2개","최저26,780원",https://cr.shopping.naver.com/adcr?x=1ZAm5sJfuy93N36WgtLP2v%2F%2F%2Fw%3D%3Ds1Wws0GLR%2FwIRvrzRos69GzIa4xVsn%2Fw3NUValqqjMDyfwvvfyRCLaqQCD1aDJtp5FiQhB6O4EHBJFoddXQVRy2edW%2BMyCIcyNsWGbi%2FX%2FUAhrX7i8ROREiNblWok2%2BM4INecLguCOFS0yyDoA3otyd2Yd2fJTVJtNiB%2B2nfDaUGHbAt5TRrf3sHj6P5TpsF73IZpKv7R1G7ftbswwgHg0WT0ijqJmgB8QFB%2BxuSEEwGMpxgUVVf22fqz9xJGtc3HbkBKDUlalkbOuw8AcIgWfStL1aUoXmKMHKfyhPknle%2BDiSKQcy5NiwgMbVE795uFWqkGTJ4pQVBQmqLoPC7JK7JJ48TUb8qvYOSDevyMMfnDpmNu2Rs3tEPrV0ZTODsbWqyaFa2xLbpwGCJChqMDqoTIPxmb5PCGcgJiHcjuYpc9Z0SeMqENQcl4GV2BeGrFkh5xxJ88yURUYLmkNoxw58jJj8tBnSfq8ON0OMNHtecKdxpmR%2FOe9hARgxC56kTd1F7NbfoXHBNNB6Y6Suw4ZozRgB63fIM0kSGeBrNKw1jpFql3ylSMwZEOd3MsDBc5cw2dP56sBUeGgI%2FjDCIVXJwtPF%2BcdkwFGMAUgxxFXxuxJ7MYUwSHqh42itr8BIE8ppTmnoAxFHrqXfyyeNOTRonObe1w9JNIy%2BSDXo1N%2BVhicchwRNwmJ84TyxvjggzF2QbwzVN90urohZYpkE8Fpv1avWmA89GiSxZx%2Fv4OesHke%2FVP%2BgM94BPZkP5YJ%2Bex&nvMid=51929032248&catId=50007031
"네오웰스 밀크씨슬 간 피로 건강 실리마린 AST 수치 감소 / 약 2달분 60정, 2개","59,800원",https://cr.shopping.naver.com/adcr?x=sJfpGT6OlA1ZQez4cuOhJf%2F%2F%2Fw%3D%3DsGLMom0e3KPD7iN1Q209bvgzmYzwJdDlrWltnskj8mj1dey7B58urSR2dWcZGSKReZCb4vdtBjfVlPwiVwjHppcMf5VnK%2FZ%2Blcr2dnYQJQClbipZsva8TIFsMLfAF3K%2F4eIMKL%2F1ukMTmWmRZyzgjPsol%2Fhb6ghGC6Bo7f2L6Qa3mleh0NYe0GdH5j4%2Fhn%2B5thliDAjZ%2BzjRdH8RGr8Y3J9Yrh%2BJXf3WHIps3ONNOY0i2fONEmBxGgFFZ34DeKEePhfQYvDkTv93OgtvucghS67SwLXekovApZGHTFgojgtGrCRdUxvA177jl0VodmokhNUJnit2TyE8yh3GxJ0fiPIOnvkV7x8cwmbQ%2Ffbkvy1n8kmGnvrw0ZcWMChpvc6zlrpRUXZYFeTynI1AB3WXhC3HU1M05sNtIrowiQ%2BzhwMt8PMXUucOsUCi8zAhb7NpA26gUcyMHCWLxVq5DYFHVeoSs5XZlVf%2FhuS8snQeINUYEtiA2Voq2lw9EF8U%2FwBY8jOyhVp%2BGk41H9F5GVM%2BIzBjJ4HRggpw5bRGpJqukgAUs9fRf6Jj2WeSc%2FnpvlxbyjqHrF%2FywPB%2FnMGbRny13ktl9OM0TeKttwmkChEhL5ubK4BsavPEAFq6RWLX5s%2Bgs00o4uqL3xbYxEskXe35a4MYYPu9DT5hwJsinVBD%2By9%2FSXmEQNFAGFfFVqkIpah1ByxN7sowf3bBszTOFNQxvCQnZJB9ecRqRU%2FLfyLs2KeI%3D&nvMid=88787586683&catId=50007031
"닥터포이 모닝 간 건강 밀크씨슬 실리마린 영양제 60정, 3개","26,900원",https://cr.shopping.naver.com/adcr?x=qZ4XA0e4VgxuvvblDSQGBP%2F%2F%2Fw%3D%3Ds3kAqc1jH1L6uOQ99aLpNFNDGY5p67M87aE7Xi3nw5PSfwvvfyRCLaqQCD1aDJtp5aBeXok114bF07zC0A1p2aWedW%2BMyCIcyNsWGbi%2FX%2FUAhrX7i8ROREiNblWok2%2BM4INecLguCOFS0yyDoA3otyd2Yd2fJTVJtNiB%2B2nfDaUGHbAt5TRrf3sHj6P5TpsF7JxfYBSrxU%2BHc8r%2BjyXxpORDfSDBvRkBad9fdnOvVrJG9t7ApJlOtShpxkrXYBGW5Fo1liK0X4vQIqjkPuvjKWLSwLXekovApZGHTFgojgtGrCRdUxvA177jl0VodmokhNUJnit2TyE8yh3GxJ0fiPBVY8LoNWvlQzvSqpRiJIRMg6g63rcrfuwezJHEna0gSV36ogsAbT2GMBHUreotiQAniPRbEF4vaNJWruSXrdt826J3H8nO6KIqLpvxMhbypFfznnCY7NeFBrP5uLlQ00VMnRScMT9NPg9IvAKj9B1gYq%2Bqtcbp9xHRfiDqGIwZX1uHo%2FpUrKIE4B4iyOWyMhsYdoP0Ui4EEh0YHNTYULiay2X%2F1O5WJjgk5m0W8MS84jpjTZwqoKcYV8uWc6OXyCimEzheSrB6vooBgHNaQHmdOw2Rwzjm0i4Byh%2BKGTKDd3jQ7nh1hzV6HVQkPTQNkyGjyiHD75sTTskNzwareoZ3Njqh%2FZemCCOboDhnweAmG&nvMid=11117448067&catId=50007031
"[위건강,간건강] GNM 위편한 간건강 / 밀크씨슬 실리마린 30캡슐, 3개","38,900원",https://cr.shopping.naver.com/adcr?x=Go6bq9MFWy0pva%2BSJqNBh%2F%2F%2F%2Fw%3D%3DsNXP1q%2Fu7SaCrNeKx9FKk37wltEsNHlYsRpnnGgdZf6kB7lroteB19Al8B%2BOedM3ENHCo%2Fnibd6A8wQRr4DQ%2F6p%2FvklO%2Bo7eDpWwMLYjdmUZWXtO%2FUYAc0oX99C9zgYLwdveRyDKCUGgme%2FvFhJRgOQue76i1zejd9Rkop4dxEdeQPGTB2rZou%2BEKYPHpDqDd%2Fk%2BQWg8QPLb6vcsD0V4ZWlLgC0iJoeIZnJcFnczgGwvPPaD%2FWoKRcivZPmSLMpe3MoXED0NerwFi3iwixWDmLR6FPB3Kcw7TX0GCyreEhQ46OSVqBrzypLdjkHrYb7naa%2BpHa6ewb0%2FDpcGez9%2B2Mmaf7oVVn%2BbTDsruUdhAA7sjZ3t98SKl4j9BIN7NuUq00HbRSg%2B%2F1WWUu0aXh%2FHT%2FUb6uvA%2BXpPv9ewbcja%2BOVOGoCpfH8kW6PNF8v4ShJWxF0D%2BSWxBhbp8vRyxkD9n7cntbIYUMdXDOMuLupt7xvMmUCwYz%2B0Ti%2BYMqj1KQ3QsqX8ZpvVo3itZjeOSMHN%2FJYrNrfhGWlhCpbdh0ltlT9NLmVcvAITJEqWRSLIEIHo69xulYA4vqlMc7li7qNh9hVudD5ql7UsYT0NfR%2BBIEQP4V0zytAILunQ%2BkMRmbSQVHR2zIWw8v%2B3QSShHH0yHZm1XCTnN0BXrzwRmnZP0DdT8F6SYhiO9riv%2B9YhKleLJ5yk0eAju75kwn3pvtpdWlQ%3D%3D&nvMid=83468281117&catId=50007031
"해외뉴트리코스트 밀크씨슬 추출물 1,000mg 밀크시슬 실리마린 240캡슐 8개월분","21,100원",https://cr.shopping.naver.com/adcr?x=u3bbKJtuv3s%2FLFfjVqv3b%2F%2F%2F%2Fw%3D%3DsIe7Hk3UUORZ5ZG9pbyB2OCIXdNNGRhFLS26XAIZBd5EB7lroteB19Al8B%2BOedM3EZ9nct38guIoXRb39KLwD5Xd0B8vlsuUh0sJeouWK2ApWXtO%2FUYAc0oX99C9zgYLwdveRyDKCUGgme%2FvFhJRgOQue76i1zejd9Rkop4dxEdeQPGTB2rZou%2BEKYPHpDqDdBju2H9vlf%2B7%2FVgVUBSeHForiPkxPAXjk2LX8wmqtKDRzoTJjTCAhQfjhUdTfkh0%2F%2BUAuDnUxS1oOeRr27g5cZajxweuISKW4uU%2Bc%2FtTRMWMErLiVapLwlJueGGJ2IhJzisext5K2yYkF868rsMDqiTBwd1zj96AfAcFYGI%2F6T%2FZILSXVHoUWfX4z1aEfUKInXa1PYAb0zmPF1cRoKRscXTRBNsFY4shLkpa1UzQALosGHSvSSgyPPNGcdfIHjfwRArg%2FC9DRMbxgH1Qp6QNghTgW2BgTk0dahus%2BIn7nSfnLw9W9dJnvhMiCyuCM8maCjt2SD%2FDa2AlyFngdSxGHzweT3Z1JnV3hMZ%2B5UiC0N6RXdth1R7GE1fT0d%2BZ90BRXxXz%2F5PjY9s0ubHlfQTEM%2BPBctHlMaNhSrs86sKiudX%2B2wW73ArPZ5GI6WnhE6Xqte8kSOe0YKSO%2BEM3qiXPxdAnOKdNnElL0fZqZIiDsMv4QDTF7xFE3rW3C5epNwiTFy0WzATOw%2F6b6bQHpvnNPUB0cjwVm1BUYVknE7IEMpz4%3D&nvMid=11416106808&catId=50007031
